sample_id,HMDB00001,HMDB00008,HMDB00042,HMDB00043,HMDB00060,HMDB00062,HMDB00064,HMDB00092,HMDB00094,HMDB00097,HMDB00108,HMDB00122,HMDB00123,HMDB00131,HMDB00142,HMDB00148,HMDB00157,HMDB00158,HMDB00159,HMDB00161,HMDB00162,HMDB00167,HMDB00168,HMDB00169,HMDB00172,HMDB00177,HMDB00182,HMDB00187,HMDB00190,HMDB00191,HMDB00201,HMDB00208,HMDB00214,HMDB00243,HMDB00254,HMDB00271,HMDB00294,HMDB00357,HMDB00407,HMDB00452,HMDB00491,HMDB00517,HMDB00562,HMDB00641,HMDB00687,HMDB00691,HMDB00695,HMDB00696,HMDB00754,HMDB00863,HMDB00883,HMDB01659,HMDB01873,HMDB01875,HMDB01881
R21,9.1,58.2,403,172.6,0.7,11.2,170,0.7,179.5,14.6,15.7,3766,297,208,49.9,134.8,1.8,28.4,30.4,214,59.4,47.3,18.8,27.8,65.1,37.6,63.8,90.7,3753,3.6,3,12.8,47.4,25.1,2.2,2,963,266,2.7,0.1,2.3,27.5,95.7,161.8,60.9,4.1,3.3,14.8,0.5,144.1,164,62.9,13.8,15.8,7
Y3660,9.7,22.8,392,163.1,1.5,14,78,0.6,132.2,23.5,22.1,6571,210,191,45.9,202.1,1.4,25.4,35.6,251,55.9,44,13.7,62.7,65.2,37.4,56.6,79.6,5893,6.7,2.3,31.4,43.5,25.4,4.4,1.6,450,300,3.6,8.2,2,64.6,106.3,185.4,71.7,4.3,1.7,12.8,0.6,108,193,52.4,11.9,71.1,15.3
Y3243,9.3,9.1,606,165.2,1.4,9.2,163,0.8,80.9,27.9,17.6,4065,400,313,59.5,159,0,25.2,25,177,59.8,37.7,18.5,35.1,51,33.5,52.4,122.6,2896,9.1,2.4,15.4,44.9,10.2,4.8,2.3,844,351,1.4,0,1.6,25.1,86.7,163.1,51,4.5,1.7,9.8,0.7,85.9,144,23.8,10,17.7,12.5
R5764,NA,6.3,403.2,209,7.5,14.8,231.4,1.2,245.6,20,28.9,6188.9,359.5,133.3,45,202.2,NA,43.4,50.7,545.4,97.3,67.9,38.4,80,97.8,NA,64.4,88,7419.2,NA,2.6,24.3,NA,63.1,NA,NA,NA,350.6,NA,NA,NA,NA,128.1,251.5,99.5,6.7,NA,6,0.9,49.8,218,18.1,19.9,12.4,1.8
P4669,12.4,17.9,239,84.6,1.6,10.2,235,0.4,55.4,52,22.5,3889,337,250,37.9,126.4,0,42.8,47.1,328,64.6,28.2,9.2,51.6,69.5,28.8,84.3,85.1,7614,9.8,3.7,11.7,46.4,14.1,13.3,2.4,1372,245,0.5,1.2,1.5,56.8,79.9,110.1,118.7,4.8,1.6,18,2.3,137.1,150,59.6,9.3,15,5.5
R5452,NA,4.7,615.7,179.4,6.1,9.5,149.2,0.9,149.5,17.6,21.8,5144.2,164.6,169.2,55.5,117.3,NA,43.2,46.3,240.8,51.3,48.1,29.6,65.5,60.3,NA,36.7,39.7,3320.4,NA,2.2,13.9,NA,28.5,NA,NA,NA,293.8,NA,NA,NA,NA,97.6,181.7,73.8,4.8,NA,6.5,0.6,32.3,182.5,25.8,14.8,11.7,2.7
R545,10.8,16.1,271,118.5,1.6,13.4,281,0.8,150.8,42.9,26.8,6183,393,260,39,218.7,1.4,27.4,30.9,329,73.4,41.8,14,33.7,57.6,41.2,61.3,116.9,11503,5.4,4.4,30.5,72.7,33.8,15.8,2.1,1116,83,1,1.4,0.6,5.4,110,177.6,78.9,6.2,2,17.5,0.4,49.9,182,63.3,10,26.1,5.5
Y3551,NA,3.6,193.6,135.4,8.1,12.2,108.2,1.1,119.3,40.2,22,5410,238.2,136.1,36.1,170.4,NA,32.3,40.1,276.7,53,52.9,38,68.3,50,NA,92.8,72.1,4691.5,NA,2.5,15.8,NA,21,NA,NA,NA,115.3,NA,NA,NA,NA,125,164.9,87,7.2,NA,10.6,1.4,52.2,180.2,90.3,10.7,12.8,4
G3473,10.2,46.4,1101,295,1.8,10.3,296,1,319.7,23.9,29,5807,180,343,45,157.7,0,40.9,34.8,330,68.3,48.7,14.3,24.9,59.9,25.8,37.8,53.9,15999,5.8,7,39.7,45.1,59.5,15.6,2.5,1124,379,1.5,0,2.4,6.2,138.9,208.2,60.8,5.7,2,17.4,0.1,37.5,156,21,20.3,30.2,18.3
G3474,10.6,32.6,912,333.7,1.4,10.4,257,0.9,270.5,20.4,11.5,4442,173,182,63.1,137.5,0,44.5,33.9,202,75.6,48.8,13,30.9,63.6,33.2,45.6,71,3095,8.1,4.7,14.4,42.9,19.6,2.6,3.8,1229,332,1.7,1.1,1.7,12.7,100.7,167.5,68.2,5.9,1.2,15,1.1,11.1,156,12.1,17.8,68.3,21.3
G3315,14.6,119.9,2836,337.8,2,8.8,260,0.9,328.3,23.2,20.2,4297,288,189,57.1,146,0,33.6,28.9,197,47.3,38.4,11,38,59.3,42.1,35.9,82.8,4044,4,7.8,22.6,32.7,25.6,0.2,5.7,1248,1236,1.1,1.4,1.6,0,86.4,187.5,69.3,5.1,3.3,11.4,0.5,17.5,158,37.6,32.5,16.4,21
G3594,13.2,43.3,1750,278.8,1.9,15.3,286,1.4,257.6,28.6,18.2,5433,272,146,62.6,269.4,0,45.7,43,324,70.5,61.6,23.6,54.5,114.4,46.4,146.9,111.4,3695,14.2,4.7,16.2,52,15.7,4.5,3.8,1625,1247,1.4,1.7,2.6,100.9,101.8,275,111.8,6.4,0.7,20.8,0,22.4,232,19.6,16.1,73.6,7.2
G3742,10.9,60.5,1186,328.1,1.4,10.3,198,0.8,166.5,33.8,16.7,4729,182,165,58.2,196.8,1.6,46.2,34.6,164,44.8,37.2,10.6,48.3,59.3,14.7,48.8,73.2,2629,15.6,3.4,12,49.9,8.2,11.5,6.2,1067,669,0.8,0,3.8,72.2,80.9,194.2,48.3,7.9,3,13.5,7.6,44.7,140,30.7,18.3,20.3,12.2
R9535,NA,26.5,358.6,166.2,1.3,20.2,213.3,1.3,158.2,88.6,15.6,5223.4,390.3,160.6,35.5,349,NA,45.8,51.1,424,78.6,57.2,40.7,60.5,97.5,NA,144.3,85.9,6285.8,NA,2.3,6.5,NA,7.2,NA,NA,NA,249.4,NA,NA,NA,NA,100.1,149.1,121.5,11.9,NA,16.3,1.5,30,215.8,25.2,12,19.7,2.8
R5528,NA,44.2,1338.9,240.6,0.8,14.3,290.7,1.3,179.7,20.3,20.8,5074.9,226.4,179.9,57.2,286.6,NA,48.4,37.9,438.7,71.3,69.7,39.2,57.4,132.9,NA,78.7,115.3,15407.9,NA,9.4,36.2,NA,65,NA,NA,NA,697.5,NA,NA,NA,NA,82.3,360.5,107.9,4.3,NA,18.4,0.4,57.7,243.1,38.2,26.6,22,NA
R9332,NA,4.7,183.4,251,0.5,22.4,157,1.2,65.5,27.6,36.4,5139.3,267,156.1,34.5,160.4,NA,28.7,48.2,334.7,58,29.4,24.4,108.5,64.1,NA,64.3,61.9,7191.4,NA,5.6,24,NA,28.8,NA,NA,NA,114.3,NA,NA,NA,NA,74,164,93.8,4.6,NA,9.3,0.6,667.2,171.6,60.5,11,11.4,35.7
Y3460,14,15.6,321,168.4,2.3,19.5,285,1.1,232,29.3,24.4,6920,399,351,57.1,216.8,0.9,31.4,32.1,341,50.9,54,18.8,39.7,63.8,33.5,56,110.3,7006,7.7,4,26.4,61.7,27,17.9,1.7,1371,96,1.7,1.4,2.1,75.6,107.4,227.1,72,6.9,2.3,16.6,1.6,63.8,174,47.5,13.2,16.3,6
U6450,NA,4.5,409.3,136.7,7.8,12.4,190.2,1.1,178.2,22.1,24.5,5118.2,211.1,185.6,49.6,143.8,NA,41,48.5,260.8,57.9,83.7,36.1,68.2,80.7,NA,69.8,59,3668.5,NA,2.4,18.5,NA,30.8,NA,NA,NA,277.7,NA,NA,NA,NA,83.7,191.2,131.1,4.5,NA,8.3,1.6,27.8,225,17.9,13.3,12.9,2.3
R502,12.1,10.5,315,115,1.5,13.6,288,1,169.8,43.6,22,5529,397,339,47.6,175.9,1.3,25.2,30.8,195,61,48.6,15.5,49.2,41.9,44.5,44.9,109.9,2771,7.6,3.9,18.9,45.8,24.7,8.5,1.6,1087,113,1.1,1.2,0.9,33.9,120.2,194.2,70.5,5,2.3,11.7,0.7,111.6,161,84.2,10.6,17.5,8.5
R9362,NA,5.3,382.6,191.4,6.4,21,271.8,1.4,184.1,26,32.5,5034.6,369.8,276.2,53.7,195.4,NA,35.4,34.8,375.1,78.1,41.7,42.3,49.8,68.3,NA,65,103.7,13092.3,NA,6.2,41.3,NA,59.2,NA,NA,NA,215.3,NA,NA,NA,NA,121,252.2,70.9,7.6,NA,27,1.3,42.2,155.6,19.7,11.2,27.3,2
O5074,41.1,36.2,436,408.6,2.2,21.8,145,0.9,430.4,20.9,15.8,5153,202,251,46.8,151,1.2,30.3,39.5,203,80.2,30.6,17,39.5,69.7,42.6,74.4,70.8,4008,4.7,4.9,9.2,47.8,20.8,10.1,1.5,3211,212,3.7,1.2,0.8,87.4,351.2,149.4,84.8,11.6,1.5,15.9,3,30,163,25.1,16.4,15.5,1.7
R107,7.4,17,216,54,5.1,13.7,189,0.7,35.4,21.5,20.1,4189,190,255,44.9,118.6,1.2,35.7,50.9,193,64.8,27.4,15.4,94.2,47.8,25.4,43.6,83.2,3844,7.8,4,15.4,44.7,10.3,11.7,1.5,995,74,0.7,1.1,1.2,38.8,84,127.5,72.1,5.8,1.9,10.7,0.3,57.2,150,61,7.8,13.8,7.4
O4946,7.4,21.1,786,266.5,1.6,12.6,212,0.8,240.7,20.4,15.1,5184,212,170,61.4,181.1,2,44.2,41.6,250,57.5,56.8,21.1,42.1,75.5,38.9,59.7,87.5,3363,7.8,3.3,17.4,61.8,29.7,3.4,2.2,545,418,2.4,1.4,2.4,78.9,76.9,212.5,91.9,4.9,1.4,25.5,0,32.7,199,21.5,12.8,18.2,3.1
U5420,10,26.4,391,131.3,1.6,12.2,202,0.8,224.8,48.3,14.7,6936,399,185,38.4,175,0,45.4,38.9,303,70.3,17.9,18.4,41.8,60.8,38.6,65.7,59.1,9321,8.3,4.2,23.6,46.1,23.4,17.6,2.5,755,211,2.5,1.3,1.7,39.4,96.8,171,91.9,5.1,2.6,22,0.4,57.9,174,12,14.6,69.3,1.8
U5452,16.1,12.9,1049,374.2,1.7,8.3,210,0.9,206.1,20.7,12,4485,220,202,40.3,167.5,0,42.1,35.3,274,64.6,36.8,15.6,41.2,60.1,25.2,55.3,69.3,6847,8.7,4,19.6,46.9,33,3.6,4.8,1076,441,4,1.2,2.4,2.6,97.2,198.6,78.2,5.5,2.5,19.8,0.4,16.7,138,33.6,19,13.3,16.3
U5523,10.4,17.9,278,138,0.9,14.2,190,0.7,162.7,33.3,12,5122,271,174,36.4,177.6,1.4,36.9,37.7,304,66.7,35.9,13.4,47.4,74.2,32,78.7,75.7,7499,5.1,5,29.9,61.3,18.2,17.4,1.5,741,132,1.9,1.3,2.4,0.9,90.8,145.8,99.9,7.1,1.7,19.8,0.7,76.4,181,27.9,11,15.5,1.6
O4875,15.6,41.1,803,113.8,2.1,11.6,300,1,232.7,27.1,18.1,5029,351,169,76.3,192.7,1.8,67.5,46.4,270,66.4,59.8,22.6,35.2,96.5,45.1,128.2,122.8,4077,19.4,3.7,8.3,76.1,17.1,13.2,2.4,879,348,2.5,1.5,2.2,107.3,116.9,219.3,113.4,10.8,1.7,24.3,7.3,17.2,215,36.6,14.2,22.6,3.3
U5250,13,23.7,535,172.1,1.7,20.1,238,1,187.4,84,15.9,5068,434,194,46.1,252.5,0,70.2,61.4,342,114.7,61.4,27.4,49.2,102.7,51.9,133.5,113.1,4736,18.5,3.4,17,67.6,17.1,19.6,1.9,534,247,1.8,1.8,2.2,72.2,103.8,245.9,153.8,7.6,2,33.3,1.2,20,260,13.7,12.9,65.4,0.7
U6325,NA,47.5,493.5,157.9,0.6,10.3,224,1.2,197.2,27.3,22.7,5203.6,197.9,142.3,39.8,207.3,NA,31,46.5,291.5,49.4,43.1,28.5,65,69,NA,36.9,96.1,8432,NA,2.9,27.8,NA,30.3,NA,NA,NA,351.8,NA,NA,NA,NA,100.1,117.9,89.9,4,NA,11.4,0.9,36.5,172.9,24.6,15,10.2,2.9
U6623,NA,59.3,530.5,166.4,5.8,11.7,186,0.8,211.1,20.9,27,4958.6,226,143.3,38.5,217.7,NA,42.9,24.3,336.3,53.4,48.5,33.4,72.3,71.7,NA,66,89.7,6596.6,NA,1.9,18.1,NA,34,NA,NA,NA,320.1,NA,NA,NA,NA,118.9,210.8,96.5,4.5,NA,14.6,0.6,27.3,163.4,25.3,14.7,12.1,2.5
U5476,10.3,28.4,359,185.4,1.5,14.9,255,1,199.3,47.4,20.1,4887,334,150,50.5,198.4,0,34.3,52.7,302,81.7,31,14.3,42.6,56.8,41.4,50.1,92.3,6634,6.9,4.4,26,47.2,19.6,16.3,1.7,798,214,2,1.2,1.9,44.5,110.7,195.9,86.3,7.2,2.1,26.4,0.5,28.8,156,16.5,12.7,70.5,4
U5378,11.4,56.2,979,127.6,2,9.4,131,0.5,222.3,22.7,15,7168,271,206,41.3,221.2,0,51.1,40.5,342,72.2,67.8,27.5,38.1,84.5,31,75.3,76.6,11323,9.5,5.8,31.5,60,49.1,16.4,1.2,752,459,2.1,1.6,1.7,9.7,114.6,245.7,108.1,5.6,1.6,18.8,9.8,21.2,210,27.5,17.5,22.5,2.3
O5084,12.7,39,595,142.8,1.6,14.9,203,0.8,227.2,20.1,15.9,5494,299,159,61.7,240.3,0.8,43.9,57.9,287,76.1,46.9,33.6,39.6,80.1,35.2,64.8,117,6047,18.3,4.5,12.6,57.3,18.4,15.2,1.8,638,220,1.8,7.2,1.8,26.8,135.4,257.4,101.3,6.1,3,25.2,1.3,20.5,221,18.9,13.7,14.7,0.3
U5080,11.6,23.5,562,203,5.8,13.9,163,0.7,181.9,23.1,19.3,5803,233,276,42.2,147.6,0,52.8,45.1,300,78,62.2,17.5,35.6,70.4,35.4,70.5,82.7,4892,12.3,3.8,14.9,44.7,17.2,13.6,2.1,543,279,2.1,1.3,2.2,67.8,101.6,196,97.6,5.9,1.4,22.9,0.7,86.9,182,34.9,13.1,16.9,2.1
Y2992,19.6,12.3,322,319.5,2,15.2,94,1.7,154.2,64.3,25.7,7712,347,292,36.8,202.1,2.3,35.2,37.7,329,76.7,55.1,18.4,32.5,67.6,42,145.3,115,6677,8.8,2.7,21.5,93.8,24.8,17.5,2.2,1091,117,2.1,1.5,1.8,26.4,120.9,161.9,102.4,8.4,3.2,19.8,1.8,31.2,213,13.6,10.5,16.3,4.4
R1091,13.9,13.4,635,126.8,1,11.6,218,0.9,158.9,21.7,9.7,5552,403,165,46.1,159.9,0,106.9,62.2,268,107.1,80.5,30.6,45.5,107.8,53.2,90.2,131.6,3755,20.3,1,7.5,72.5,27.2,2.6,3.1,771,289,0.9,1.9,1.9,62.7,104.8,204.9,189.3,5.7,1.5,40.9,1.6,148.3,262,33.9,14.2,15.9,17.7
R9819,NA,10.4,892.3,93.4,4.3,6.6,138.9,1.1,170.9,19.5,10.8,3562.2,194.1,174.1,66.5,116.8,NA,34.2,36.8,188.9,25.3,46.1,23.9,52.6,58.4,NA,29.1,73.2,3684.2,NA,2.3,12.8,NA,18.1,NA,NA,NA,368.6,NA,NA,NA,NA,110.5,103.8,63.6,2.7,NA,10.3,1.4,73.2,135.3,41.7,18.8,24,51
R5644,NA,50.6,1431.2,267.9,4.5,10.3,214.3,1,117.3,12.8,7.3,4034.5,124.3,122.4,30.8,177.7,NA,37.5,36.7,204,42.4,42.4,24.7,65.5,76.5,NA,54.4,81,5211.9,NA,4,18.5,NA,17.6,NA,NA,NA,689.5,NA,NA,NA,NA,72.6,168.9,58.6,5,NA,14.3,0.9,79.3,141.7,67.3,19.1,10.7,7.8
R5783,NA,42.4,957.5,137.4,0.2,8.9,160.7,1,140.2,20.6,15.1,3083.7,148.6,127.5,46.9,127.9,NA,21.4,26.9,194.7,44.8,47.4,20.3,51.4,39.7,NA,45,60.9,2531.2,NA,2.7,13.3,NA,6.9,NA,NA,NA,518.2,NA,NA,NA,NA,82.1,157.9,45.2,8.1,NA,11.5,0.7,59.7,119.5,40.4,19.4,11.5,11.5
R9436,NA,57.8,1084.9,217.1,5.5,10.5,235.1,1.1,222.8,25.9,6.3,4790.6,156.8,159.7,66.9,194.1,NA,53.6,40.6,269.8,52.9,35.4,38.5,70.2,102.5,NA,75.2,86.8,4466,NA,3.9,20.3,NA,25.1,NA,NA,NA,531,NA,NA,NA,NA,103.7,194.3,79.9,6.4,NA,7.3,1.7,88.8,168.3,65.8,22,21.2,3.9
P4475,10.5,17,578,67,1.8,8.8,189,0.7,165,36.3,26.2,5451,293,196,41.4,178.8,1.4,71.1,43.5,355,99.6,51.6,22.1,26.3,75.6,46.3,72.9,85.5,4833,7.8,2.3,12.9,74.9,24,11,4.1,1021,242,1.7,0.1,1.9,8,86.6,195.5,132.4,6.8,1.8,29.3,5.7,56.7,231,26.8,15.4,27.4,45.4
G3723,8.8,39.3,863,193.7,1.5,11.7,218,0.9,245.7,22.4,10.5,4585,154,211,50.6,145.3,0,33.1,29.2,163,67.9,31.6,9.9,30.7,58.2,31.7,41.1,80.3,2843,5.9,3.1,14,42.8,10.7,3.3,2.3,1227,427,1.6,0,2,10.8,94.3,170.2,51,5.4,2.5,14.8,0.5,28.3,137,22.5,18.6,71.8,2.9
R1122,10.1,23.3,406,136.9,1.3,12.6,210,1,229.9,21.9,14.7,5694,353,188,44.8,159.1,0,81.5,53.4,306,75.1,50.6,19.5,67.5,71.5,53.9,49.9,108.9,4955,11.1,2.3,11.3,76.6,31.7,8.3,2.6,937,222,1.4,0.1,1.3,0,98.7,190.1,145.9,7.6,1.8,30.4,1.3,21.3,228,24.1,19.5,74,27.1
R5697,NA,63,954.3,287.3,5.3,11.2,259.5,1.2,206.5,23.5,5.3,4939.2,206.6,189.8,57.1,217.9,NA,43.8,43.2,314.8,67.5,54.3,32.7,63.3,81.9,NA,53,66.3,5029.8,NA,3.8,19.9,NA,18.9,NA,NA,NA,560.2,NA,NA,NA,NA,96.5,190,79,4.8,NA,9.7,0.9,124.3,155.1,69.3,17.8,19.1,3.7
P4467,11.4,16.5,688,83.4,1.1,8.6,144,0.6,115.6,29.4,24.5,5004,283,189,42.3,138.5,0,76.2,51,265,89.9,78.7,21.6,27.6,84.8,53.2,77.1,91.5,3283,13.3,2.6,1.8,92.4,16.8,3.2,5.6,473,299,1.3,0.1,2,74.9,76.7,174.9,161.5,6.6,3.1,26.8,1.1,46.5,242,8.5,11.8,64.4,79.2
R9313,NA,43.5,698.3,201.6,0.3,8.6,188.8,0.9,211.4,28.8,31.7,4532.8,207.7,138.9,72.5,191.3,NA,30.8,37,312.3,57.8,37.3,25.2,65,67.4,NA,51.7,73.1,4394,NA,2.6,24.3,NA,24.9,NA,NA,NA,472.4,NA,NA,NA,NA,96.3,156.5,75.5,4.2,NA,16.1,0.9,241.6,143.4,50.8,16.2,22.7,29.5
R5564,NA,81.7,670,143,7,12.4,183.7,1,100.5,21,21,5319.4,174.1,164.7,38.7,187.9,NA,51.1,46.6,286.9,48.1,62.7,29.5,59.4,79.5,NA,74.4,80.8,9070,NA,4.8,22.6,NA,46,NA,NA,NA,412,NA,NA,NA,NA,87.2,171.5,98.8,3.2,NA,17.5,0.9,40.6,198.7,41.6,21.2,11.5,3.5
R5921,NA,81,658.7,194.1,5.8,12.6,225,1.1,274.1,31,29.9,4542.7,356.4,159.4,55.1,207.7,NA,47.2,42.1,352.2,81,66,35.1,57.4,69.2,NA,67.3,80.8,8447.8,NA,4.2,28.3,NA,50,NA,NA,NA,438.2,NA,NA,NA,NA,147.8,290.4,75.4,7.1,NA,11.9,0.7,161.3,171.5,50.5,18.1,12.9,28.5
R5291,NA,48.7,1402.3,222,4.4,10,222.1,1.5,239.8,38.1,17.6,4035.3,234.9,109.8,43.6,259.7,NA,51.7,37.3,274.9,75.4,45.2,27,51.6,56.9,NA,47.2,53,4919.8,NA,3.3,23.9,NA,11.6,NA,NA,NA,562.1,NA,NA,NA,NA,104.8,207.2,55,5.1,NA,12.1,1.2,166,151.1,81.4,25.7,21.8,66.2
O4492,5.7,8.2,446,261.5,0.6,14.8,160,1,42.5,20.9,14.6,4137,315,156,63.1,213.9,0,34.7,42.8,222,40.2,44,20.9,60.2,60.8,35.1,72.6,99.6,2380,15.1,2.9,12.2,61.8,9.9,13.7,3.1,656,157,2.7,1.4,1.1,69.6,105.2,166.4,93.9,4.5,2.2,15.7,0.9,12.6,200,13.9,9.2,67.1,23.3
R5638,NA,77.2,1215.9,281.4,0.8,14,235.8,1.2,218.6,32.2,17.9,5116.5,190.2,100.2,52.7,278.2,NA,38,42.3,332.4,65,36.8,27.7,70.4,65.7,NA,58.1,99.7,6745.9,NA,4.3,24.7,NA,11.2,NA,NA,NA,675.6,NA,NA,NA,NA,109.2,167.6,76.9,4.3,NA,9,0.9,79.6,146.5,41.3,23,11.6,51.2
R1011,15.3,18.5,770,148.3,1.8,9.1,221,0.9,163.8,36.2,22,5264,409,173,53.7,165.8,0,66.5,48.4,257,80.3,49.8,18.6,40.7,65.6,37.1,49.3,104,4289,10.2,2.5,16.9,48.2,22.8,10,3.6,587,417,1.2,1.2,2.2,71.7,74.3,191.1,114.3,4.5,1.8,24.2,1.1,19.5,173,48.7,13.8,44.9,38.1
R98,12.3,25,655,160.6,1.5,11.9,245,1,171.8,21.5,15.5,5224,252,202,63.6,149,1.3,44.1,32.9,251,58.1,59.1,19.4,28.4,68.2,33.6,54.3,99,2565,9.8,3.5,11.7,40.6,24.7,2.6,1.9,1260,302,0.8,0.1,1.5,60.6,78.5,182.1,58,5.9,0.9,19.2,1.3,83.1,172,15.6,15.6,15.6,6.3
R9265,10.5,50,1281,316.5,1.9,11.8,250,1,239.6,37.3,35.9,4899,288,194,72.2,244.5,0,52.7,30.7,292,84.4,65.6,17,38,80.5,28.7,64.3,110.4,5364,7,3.8,20.5,65,21.6,4.3,2.4,1207,660,1.4,1.4,3.1,63.8,106.6,181,76.8,6.4,1.8,21.4,1.4,142.7,179,33,16.8,16.9,31.8
Y9747,14.3,12.8,338,84.5,1.1,8.3,156,0.7,93,24.4,11.5,4329,190,181,48,146.5,0,45,41.4,218,62.6,37.3,11.3,46.2,65.7,34.9,50.4,73.7,3841,5.3,3,11,48.4,9.2,9.8,1.5,1121,195,0.7,0.1,0.8,53.6,70.9,164,133.9,5.2,3.1,19.4,1.4,32.6,183,11.1,11.7,17,1.5
R1027,14.5,18.7,536,173.7,1.4,10,201,1,160.2,24.2,18.4,4919,376,169,49.4,126.5,0,66,52.4,254,93,55.3,20.1,40.8,61.5,34.2,59.3,104.8,4604,5.4,3.2,15.9,59.2,29,2,6.3,813,246,0.6,1.3,1.1,44,91.3,159.7,116.3,7.3,1.5,26,0.8,34.4,195,39.5,13.6,26,27.5
P4746,11.9,12.2,389,80.2,1.5,12.7,263,1.1,149.3,20.7,15,4874,290,251,46.6,203.4,0,71.7,52.5,355,119.6,70.9,26.7,42.7,90.6,39.4,58.3,113.8,7040,10.6,3.7,20.4,64.5,32.4,12.8,1.8,973,185,0,0.2,1.8,63,83.1,194.3,165.9,8.3,2.3,28.4,0,21.2,230,10.7,13,21.1,1.1
R9357,NA,60.2,637.4,198.8,0.7,9.8,268.6,1.2,263.9,21.2,23.5,5100.5,159.7,144.5,50.4,195.9,NA,36.6,42.8,296.7,53.6,50,29.3,71.6,76.4,NA,46,58.4,4503.9,NA,2.7,22.4,NA,30.4,NA,NA,NA,295.3,NA,NA,NA,NA,92.1,173.1,94.5,2.8,NA,7.4,0.8,80.3,181.1,46.5,14,12,2.3
U6792,11.4,19.2,274,70.9,1.3,13.9,234,0.9,27.2,20.5,15.3,5214,155,114,32,91.7,0,23.7,44.7,255,50.3,38.8,9.5,120.3,43,32.4,32.8,49.1,13540,6,5.7,25,26.8,46.7,8.9,0.8,771,113,1.2,1.2,1.3,40.3,107.6,128.3,78.4,3.9,2,9.6,0,52.4,134,15.1,9,66.6,1.3
O2608,13.4,18.4,426,137.4,2.3,9.7,169,1,36.6,23.7,17,6138,176,227,43,156.1,0,34.7,51,246,53.5,30.9,14.5,62.2,43.8,31.2,43.9,53.5,11686,8.7,3,35.4,33.4,24.9,18.8,1.6,641,173,1.9,0.3,2.6,54.5,69.5,152.3,75.3,5.1,3.2,13.5,0,28.3,117,14.1,10.1,28.7,2.6
U5669,13.9,29.3,458,110.3,2,13.9,153,0.8,103.7,23.8,16.2,4710,271,195,53.7,181,0,34.1,45.5,258,78.8,38.8,18.7,40.5,65.4,28.2,56.2,103.9,7169,7.5,4.2,28.9,36,29.3,13.2,1.2,605,251,2.7,1.3,1.8,10.1,99,190.1,95.1,6.9,1.8,11.1,0.1,25.3,166,37.9,11,14,3.2
R35,13.1,13.7,271,115.7,1.4,14.1,202,1.1,31.2,13.2,8.1,4207,205,177,56.8,147.5,1.8,25.6,40,175,51.1,28.9,15.4,72.9,49.6,33.2,72.6,90.8,2831,4.6,3,22.7,38.7,11.2,13.2,1,821,96,1.2,1.1,1.2,38.9,93.4,163,84.8,4.5,1.1,11.6,0.4,104.8,157,22.3,7.1,16.7,29.6
R5327,NA,77.2,124.8,65.1,6.2,28.7,194.8,2.7,22.6,18.9,13.7,4284.6,175.4,190.5,54.3,80.1,NA,28.2,117.9,168.1,28.5,33.2,23.4,149.5,67.3,NA,99.1,NA,4122.7,NA,8.5,9.4,NA,14.5,NA,NA,NA,90.2,NA,NA,NA,NA,98.7,97.3,131.4,3.3,NA,10,2.5,104.8,176.2,44.7,11.8,28.5,3.6
R9777,NA,58.9,126.6,56.6,1.1,24.8,146.6,1.3,19.3,17.2,18.5,3485.3,150.6,219.7,60.1,72.2,NA,23.7,83.5,157.9,33.3,53.4,26.9,176.6,88.3,NA,90.9,65.6,2179.1,NA,13.4,6.6,NA,11,NA,NA,NA,273.3,NA,NA,NA,NA,74.3,52.3,132.4,4.2,NA,10.4,1.5,188.7,207.8,141.8,10.1,26.3,10.2
R9887,NA,3.4,150,163.2,7.1,18.3,138.1,1.3,52.9,37.7,9.1,3694.6,267.6,154.5,35.3,169.8,NA,23.7,72.3,254.5,44.3,18.1,27.7,86.1,57.8,NA,83.8,81.6,3646.2,NA,3.9,18.2,NA,10.3,NA,NA,NA,125.8,NA,NA,NA,NA,72.6,109.6,105.2,4,NA,7.5,1.2,117.2,177.5,59.5,7.1,19.1,21.2
R5913,NA,22.8,189.5,110.6,5.4,24.9,90.6,1.2,24.1,12.9,36.6,4167.9,136.5,128.5,46.3,83.9,NA,20.5,68.3,321.3,16.3,46.9,21.4,110.5,33.9,NA,70.3,51,9189.3,NA,5.3,21.6,NA,64.3,NA,NA,NA,93.2,NA,NA,NA,NA,90.4,59.5,75,4.2,NA,10,0,245.7,129,77.5,7.8,11.1,13.8
R5969,NA,4.4,199.4,93,6,13.7,152.8,1.4,17.7,13.8,17.2,3814.8,115.3,163.9,47.8,65.4,NA,21.7,82.2,120.3,26,49.4,20.5,173.9,53,NA,52.8,11.9,1996.5,NA,5.5,7.3,NA,17.3,NA,NA,NA,248.1,NA,NA,NA,NA,50.3,74.5,102,4.3,NA,9.6,1.6,51.5,171.4,41.1,11.3,21.5,1.6
R9497,NA,10.6,805.7,188.6,1.5,14.4,160.7,1.5,62.6,48.6,18.3,4258.6,332.1,155,59.9,220.5,NA,36.2,61.7,251.3,38.4,20.1,42.1,53.8,47.9,NA,69,29.9,5282,NA,3.8,15.9,NA,6.1,NA,NA,NA,339.7,NA,NA,NA,NA,82.6,76.2,99,5.4,NA,12.4,0.5,366.6,184.1,88,10.8,20.1,22.6
R9489,6.9,16.7,415,91.9,1.4,8.5,135,0.7,23.9,10.7,15,4910,204,283,54.1,91,0,25,37.1,186,43.9,29.3,6.2,97.1,36.5,28.2,50.5,94.1,3894,5.9,2.7,20.6,26.4,18.5,11.4,1.2,748,137,1.5,1,1.4,43.9,87.6,109.1,66.5,3.7,1.1,7.9,0.7,124,144,79.4,9.2,15.4,8.4
G3630,10,15.2,270,111.8,1.3,10.1,176,0.8,16.8,12.5,13,2888,105,172,47.1,80,0,24.7,58.4,142,50.3,29.1,10.7,81.1,45.3,22.1,59,78.6,2264,7,4,12.6,35.6,15.6,3.1,1.5,782,122,1.7,1.2,1.3,37,79.9,97.2,93.7,3.9,2.2,8.5,0.6,88.7,195,30.9,7.4,18.6,5.3
G1979,9.1,61,342,78.1,1.5,16.1,138,1.4,22.5,18.8,23.9,4904,204,227,61.6,68.8,0,28.8,59.2,286,46.4,33,13.6,76.2,37.5,42.5,59.8,78.8,11635,4.5,6.9,21,21.9,43.9,8.3,5,795,142,4.1,1.1,2.1,3.6,135.9,136.5,77.1,4.5,2.4,11,3.9,65.9,130,21,10,43.9,5.5
G2500,7.2,35.2,607,160.8,1.7,18.5,178,0.7,46.7,17.9,7.6,5198,172,162,50.8,142.1,0,35.7,58.7,331,38.3,28.3,10.6,93.9,69.9,30.2,62,72.1,14377,7.3,7.6,19.3,34,29.2,4.9,2.8,815,248,3.5,1.7,2.7,4.1,92.4,118.9,103,4.4,2.5,9.7,0,209.6,184,64.3,11.8,65,18.7
R8788,6.5,19.4,219,140.1,1,14.1,237,0.8,26.4,28.7,9.6,2955,311,251,40.4,143.1,0,31.9,53.5,281,45.7,36.7,15.8,59.4,44.6,32.1,73.6,84.2,5952,6.1,2.9,25.1,57.6,21.2,13.8,1.7,996,122,1.3,1.1,1.4,0,80,144.2,79.9,5.1,1.6,12.9,5,59.4,157,100.5,8.6,16.2,36
R119,19.8,40.6,201,95.6,1.2,37.8,248,0.9,22.9,19.3,15.9,3528,155,318,44.2,123.7,1.2,34.2,64.5,237,51.7,47.6,13.7,101.2,85.4,33,131.9,78.7,4993,15,14.1,16.4,36.3,27.6,10.1,1.2,850,240,4.2,12.1,2.5,61.8,87.7,108.5,140.2,5,3,13.7,0,16.9,214,20,9.6,16.1,5.9
R1008,13.6,15.5,293,88.2,1.3,12.2,254,0.8,40.7,21.1,14,3852,224,269,33.3,92.4,1.5,42.8,50.2,281,74.6,45.1,10.1,92.8,51.4,30.1,60,69.3,6167,8.6,4.2,10.8,32.6,30.3,3.1,1.5,1265,161,0.9,1.1,1.8,33.5,110.5,128.6,96.5,5.7,2.3,20.6,0.7,311.8,149,91,10.5,16.6,7.2
R5725,NA,145.7,128.3,105.9,6.9,22.4,207.4,2,26.5,27.4,26,3740.8,165.8,179,26,68.9,NA,35.7,118.5,355.4,47.1,12.2,15.3,122.2,48.6,NA,64.3,48.1,10646.8,NA,8.3,20.5,NA,95.6,NA,NA,NA,68,NA,NA,NA,NA,131.3,163,123.9,5.1,NA,15.3,0,271.1,180.2,177.9,15.3,11.6,4.6
G3030,6.9,38.4,190,83.8,0.7,13.3,125,1.1,20.1,17.4,12.8,3863,208,227,50.4,54.1,1.4,30,85.5,276,28.2,36.4,15,117,63.9,38.8,79.8,80.4,7017,5.9,7.2,12.7,28.6,32.1,6.9,2.2,512,78,2.2,1.4,1.3,40.3,99.3,117.5,116.1,2.9,1.7,15.8,0.2,166.8,177,56.9,7.3,16.3,4.4
G3635,10,19.8,179,154.7,1.1,19.5,166,0.9,18.1,19.9,14.9,4361,286,175,40,77.3,0,25.6,63.7,255,43,36.3,15.5,146.6,46,32.4,75.5,77,2693,10.4,3.7,9.1,36.8,20.9,3.2,1.3,665,70,2.5,1.2,1.2,46.6,81.5,139,100.1,3.1,2.2,13.9,0.3,44.6,173,23.1,5.9,14.1,5.4
G3754,8.5,43,253,75,1.6,30.7,134,1.1,12.7,15.5,19.2,3529,135,283,39.1,61,0,26.5,62.5,367,57.6,30.3,11.5,99.5,65.6,34.3,90.2,30.1,11564,5.7,6.4,14.5,30.1,56.2,6.1,1.7,520,51,3.1,1.4,2.3,30,80.2,113.9,124.1,2.7,2.3,12.4,1,31.7,166,25.9,5.9,15.5,3.1
R5321,NA,156.4,125.4,108.1,7.5,31.6,175.4,4,23.6,22.9,14.3,3061.4,269.9,113.7,46.8,88.2,NA,30,80.2,259.2,53.1,17.8,27.6,98.9,68.1,NA,94.7,30.6,8350.5,NA,9.6,20.1,NA,51.6,NA,NA,NA,56.3,NA,NA,NA,NA,76.7,165.7,124.3,5.4,NA,16.4,1.4,108.5,200.4,92.1,15.1,8.9,3.8
R5696,NA,3.5,208.2,120.5,4.8,13.6,176.6,0.9,22,14.9,19.4,3870.4,161.1,190.9,40,86.1,NA,20.7,77.1,252.3,45.6,33,25.9,135.2,37.5,NA,33.8,45.3,5691.9,NA,12.2,10.9,NA,29,NA,NA,NA,79.9,NA,NA,NA,NA,86.6,63.8,73.5,4.6,NA,10.9,0.4,60,120.5,42,8.5,24.3,33.2
R9836,NA,66.8,120.6,64,7,33.2,170.7,1.5,22.4,18.9,155.9,3813.7,88.9,143.9,36.4,65.4,NA,27.1,82.3,266.7,39.3,24.2,24.6,120.1,56.1,NA,92.8,NA,8017.5,NA,6.3,19.1,NA,58.4,NA,NA,NA,43.5,NA,NA,NA,NA,97.4,100.8,122.9,4.9,NA,16.3,0.4,48.9,179.8,45,10.9,24,4.5
U6974,10.2,17.6,242,107.4,1.6,21.7,330,1.1,32.7,56.7,18,5924,211,235,32.3,164.8,1.3,24.8,52.9,383,69.5,41.3,9.7,81,37.7,26.9,50.6,83.5,9586,2.6,5.5,38,46.6,40.5,10.1,1.4,1047,60,2.4,1.1,1.6,4.6,118.2,143.8,79.4,6.6,2.4,11.6,6.3,79.2,145,15.8,7.7,23.4,2.3
O5003,20.8,115.5,201,81.3,1.6,34.4,289,1.1,33,30.4,13.2,5192,199,283,38.9,135.6,1.8,46.8,74.7,479,88.8,71.9,17.2,120.4,144.1,46.3,174.9,98.4,8343,11.6,14.1,15.7,66.8,45.5,10.1,1.7,1324,220,11.1,39.5,4.8,36.3,154.2,190.7,238.6,7.3,4.6,31.5,1.9,68.4,391,40.6,12.1,18.7,4
Y9745,11.6,18.8,259,127.7,2.2,10.4,283,1,44.2,50.5,46.7,11112,317,337,45.8,197.8,0,45.3,63.1,393,82.1,55.4,16.3,104,79.5,45.5,76,98.5,15730,8.3,6,36,52.8,52.4,12.7,2.1,1327,134,1.6,0.4,2.5,152.3,123.6,176.5,147.3,5.4,2.7,18.9,0,337.1,223,99.7,14.4,16.7,8.3
Y3552,6.6,21.2,220,83.1,1.2,16.4,115,1.5,20.7,24.6,15.5,4066,173,211,43.7,65.7,0,25.4,64.7,252,54.2,28.9,10.4,107.5,50.5,30.3,65.3,89.2,5754,7.2,3.3,12.7,23.2,33.5,3,2.5,774,100,1.7,0.9,1.5,22.5,94.5,110.9,83,4.9,2.3,12.9,0.5,86.9,129,38,6.6,16,4.3
R9877,NA,51.4,120.7,120.9,1.5,36.4,169.3,1.3,31.9,18.9,20.6,4677.3,164,132.4,46.3,71.2,NA,33.1,77.7,286.3,44.3,51.8,33.4,127.8,74,NA,103.6,48.5,6259.1,NA,12.1,25.3,NA,51.8,NA,NA,NA,119.4,NA,NA,NA,NA,81,122.7,146.8,4.7,NA,14.3,1.4,77.2,218.9,32.9,10.6,14.1,2.6
O4474,7.9,20,230,136.1,1.7,20.2,360,1.2,28,22.2,13.5,4911,143,213,31.3,149.9,0,21.1,55.4,362,63.5,24.7,13.5,94.3,30.9,30.5,35.4,64.4,14525,3.6,6.8,31,51,44,9.3,1,1009,84,1.5,1.1,1.1,50.6,93.5,138.7,73.9,5.2,2.2,10.6,0,35.5,126,8.8,9.8,61.3,3.6
R8966,13.8,18.9,232,151.8,1.4,29.8,228,0.9,27.3,12.2,10.9,3405,173,138,73.6,157.5,1.3,37.7,65.4,258,31.8,38.4,18,75.7,83.9,27.9,94.5,147.1,6353,4.5,7,18.7,30.1,29,13.8,3.2,1149,141,2.1,0.1,2.3,13.6,99.5,104,128.1,3.4,2.1,20.1,0,122.6,192,39.9,7.5,72.2,49.1
O4919,27,66.2,233,105.2,2.1,48.5,165,1.8,24,25.7,18.5,5129,118,269,44.7,103.9,0.8,51.2,86.3,402,98.8,78,18.5,85.5,147.6,49.3,204.6,103.3,7694,5.6,12.4,14.9,61.2,45.5,9.2,1.9,1463,118,12.4,0.2,3.6,55.4,179.5,146.7,295.4,6.6,3.5,29.4,1.6,59.3,525,18.2,13.4,15.8,2.9
Y3735,5.8,14.3,288,87.5,0.9,22.4,142,0.7,24.9,12,19,2864,177,218,40,75.4,0,21.4,37.6,136,38.5,18.2,12.7,54.9,52.5,23.5,63.7,73.7,3018,5.2,5.3,14.1,28.3,9.6,2.9,3.1,644,275,2.2,1,1.9,24.4,68.6,74.4,65.7,4.5,2.7,9.5,0.5,109.8,146,131.3,7.7,15.2,43.9
Y2904,18.2,31.1,191,159.8,6.6,23.9,282,1.1,39.7,370,7.7,4362,780,278,19.6,261.3,59.6,32.9,62.9,359,84.8,32.7,4.1,70.3,62.2,43,98.3,117.8,5910,31.6,3.2,9.3,91.3,23,32.6,2.8,1001,127,1.8,1.2,2.1,6.1,96.4,104.7,115,27.3,2.5,14.1,0.5,100.7,171,10.6,10.1,73.3,6.6
R5700,NA,22.9,295.9,99,1.6,22.1,156,1.6,26.1,14.4,16.2,3250,219.2,168.2,62.3,74.9,NA,22.4,61.6,213.4,41.3,16.6,19.7,86.9,40.5,NA,54,89.2,5342.8,NA,2.5,16.9,NA,33.8,NA,NA,NA,137.6,NA,NA,NA,NA,78.8,112.1,73,7.3,NA,9.6,0.1,72.9,115.8,23.6,8.1,33.8,129.5
R5979,NA,4.7,338.1,168.3,6,19.4,155.7,1.5,42,15,22.3,4196.5,202.2,185.1,64.3,103.3,NA,25.1,49.6,214.3,18.3,25,26.6,105.2,54.2,NA,57.8,82.6,3621.2,NA,2.8,18,NA,14.5,NA,NA,NA,164.5,NA,NA,NA,NA,93.3,42.4,80.8,5,NA,10,0.6,116.7,148.7,44.2,9.7,23.6,12.6
P4693,14.5,30.4,304,118.5,1.9,16.9,433,1.5,30.3,65.6,16.2,4601,491,304,26.6,166.4,0,34.3,95.5,539,88.9,45.5,17.6,103.6,56.9,52.8,62.8,106.6,20842,25.3,7.3,24.5,33.3,51.9,14.5,3.1,1418,201,1.6,1.4,2.1,41.6,111.2,159.8,115.5,6.8,2.2,19,0.1,487.5,148,123.4,10.5,15.8,29.7
P4666,7.5,17.2,229,86.5,1.4,13,111,0.5,57.5,35.9,28.9,3746,256,167,40.9,128.3,0,42.8,54.6,183,43.2,26.7,14.2,62.1,54.7,38,51.4,74.6,4652,14.8,3.8,13.1,40.4,12.3,9.2,2.8,578,172,1.1,1.1,1.2,40.8,60.3,137.8,100.8,4.2,1.6,17.9,1.1,210.8,153,67.1,9.7,11.7,13.6
G3550,10.3,37.2,227,78.8,1.5,15.5,153,0.7,30.1,57.4,15.3,4354,437,226,25.6,140.6,1.8,27.9,50.8,307,70.8,11.8,8.9,69.6,27.1,35.2,48.1,33.2,7322,5.4,3.4,30.7,60.4,29.7,16.3,1,1032,117,0.9,1,1.1,3.5,121.7,99.5,74.7,6.5,1.6,8.9,0.7,121.1,130,25.8,8.4,16.2,2.5
R9986,NA,6,198.7,116.7,1.4,32.1,192.1,1.2,34.1,94.8,22.2,3512,262.8,93,57.5,161.8,NA,27.9,55.9,223.7,62.1,28.8,22.3,89,40.2,NA,69.8,107,5443.6,NA,3.8,17.7,NA,12.6,NA,NA,NA,111.7,NA,NA,NA,NA,77.9,77.9,88.7,5.4,NA,7.8,0.5,118.3,142.8,43,8.1,11.3,21
R5994,NA,41.9,166.4,148.4,6.2,21.3,168.2,1.3,27.8,12.7,15.8,4227.4,138.1,153.2,48.5,67.1,NA,22.2,72.6,162.2,30.3,35,25.9,149.1,52.3,NA,81.5,68.1,2705.6,NA,9.3,17.2,NA,18.2,NA,NA,NA,160,NA,NA,NA,NA,97.4,90.2,114,3.8,NA,8.3,1,34.2,159.3,37.4,10.9,11.4,15.8
R50,12.1,17.6,184,116.7,2,12.9,138,0.8,47.7,87.5,13.5,3896,400,169,38.4,171.2,1.7,36.7,38.6,263,84,41.9,25.2,40.8,77.9,33.9,103.8,125.7,4753,17.8,3.1,14.8,76.3,9.2,13.5,1.7,967,138,1.5,1.2,2.1,75.2,98.5,179.2,86.4,5.9,2.3,19.4,0,52,168,58.9,7.7,64,5.4
G3614,17.5,36.7,250,201.8,2.3,30,199,2.1,143.4,99.8,48.6,3640,481,105,38.3,68.3,9.7,46.7,40.7,315,31.8,0,53.3,270,68.9,28.9,57,110.3,5298,24.6,2.8,13.9,83.2,17.5,17.1,5.4,1302,182,5.8,133.9,6.7,89.7,105.8,184.6,26.5,13.7,7.9,29.7,5,72.9,128,42,12.6,27.8,0
R5242,NA,89.4,154.5,73.9,1.8,52.1,187.7,3,14.7,13.5,19.7,4383.5,167.1,130.8,50.9,65.5,NA,27.9,73.7,383,59.5,14.8,24.7,131.4,43.1,NA,44.2,58.6,18755.4,NA,13.8,23.9,NA,70.9,NA,NA,NA,64.9,NA,NA,NA,NA,84.7,153.1,85,3.7,NA,13.3,0,216.4,138.9,59.1,10,11.2,12.6
O4349,7.3,16.6,274,72.7,1.3,13.2,220,0.7,41.2,89,12.6,3734,298,144,26.9,133.7,0,32.5,49.5,204,58.8,24.9,9.2,60.1,32.2,36.1,44.3,45,4260,4.6,3.8,33.3,67.8,21.8,18,1.2,1008,115,0.8,0.1,1.1,19.8,92.3,132.6,70.5,6.7,1.9,11.5,0.2,24.9,114,17.6,9.4,59.5,1.9
U4915,14.7,64.9,182,39.1,1.5,27.7,194,3.1,19.4,26,15.1,4831,225,175,52,49.4,1.5,30.2,51,252,55.2,36.2,10.1,139.5,63.9,50.6,76.2,79.3,6924,4.1,4.5,19.3,22.2,45.5,9.4,3,1124,55,2.6,1.1,2.4,19.4,77.9,107.7,107.3,5.7,2.2,23.9,2.7,92.2,141,25.8,10.2,14.3,2.1
R493,8.3,13,268,133.3,1.7,15.8,223,0.8,58,38.4,29.6,5174,284,195,48,152.7,0,19.4,25.5,208,40.7,26.5,11.9,40.6,40.3,25.7,36.7,89.9,8953,2.5,3.4,29.1,41.5,11.6,23.6,1.1,1133,163,2.1,0,1.6,37.1,92.1,143,56.9,5.6,1.4,8.7,0.7,66.7,129,132.8,8.2,18.1,12.1
O4638,9.5,20,237,91.9,1.6,15.3,173,0.5,19.6,26.4,9.9,5129,155,165,33,119,0,22.9,52.2,293,50.2,24.5,10.9,103.3,41,30.6,42.1,36.7,11783,7.4,6,20.2,37.6,41.6,9.4,1,972,62,1.5,1.2,1.2,22.7,114.9,135.3,80.1,3.7,1.9,9.4,0.1,149.6,143,14,8.3,66.7,13.2
O3720,14.7,29.4,415,169.9,1.2,16.5,233,0.7,54.2,23.9,11.5,4940,237,206,39.8,135,0,30,47.9,274,55.2,27.5,11.6,87.2,78,28.7,71,71.2,9566,15.9,5.9,15.4,43.7,33.5,3.5,1.4,708,208,3,6.9,2.5,3.1,77.7,148.6,86.5,4.2,1.7,15.5,0,43.2,156,17.3,8.4,64.1,4.2
O4906,9.8,9.8,662,155.1,1.9,9.7,214,0.6,220.7,25.5,14.9,11280,184,260,43.4,219,0,54.3,38.4,380,64.1,58.5,19.8,38.1,80.1,38,58,71.6,20119,8.5,6.3,26.5,55,47.7,17.2,2.6,476,283,1.6,1.8,2.4,53.7,104.4,195.8,110.9,5.8,1.6,22.5,9.5,13.6,206,16.8,13.7,22.6,6.4
U6921,8.1,27.1,281,87.2,0.8,23.4,89,0.8,17.5,28.1,14.2,3723,114,177,38.1,71.9,1.6,24.2,52.6,132,34.2,26.2,10.6,98.1,50.9,20.3,75.3,55.6,2845,8.7,8,8.4,41.4,13.6,6.5,2.8,431,152,2.3,1.1,1.3,10,72.6,76.5,99.6,5.2,2,7.6,2.5,26.3,178,26.7,7.3,16.3,5.9
G3121,7.8,16.4,567,82,1.8,12.8,109,2.6,20.8,21,18.2,3361,180,172,57.4,137.4,0,32.3,90.5,158,47.5,44,11.2,81.6,71.6,29.2,69.3,72.8,3231,10.5,5.9,9.6,53,9,1.7,7.8,734,440,1.5,1.3,2.6,2.1,70.9,119.4,92.5,5.9,1.5,12.3,4.2,92.2,178,50.9,11.3,20.5,82.7
Y9682,10.9,37.1,248,61.5,1.6,31.5,147,1.2,15.1,13.8,22.2,3212,186,258,56.6,36,0,27.5,46.8,205,61.7,23.8,12.5,80,44.1,28.5,67.7,104.4,6950,4.5,10.1,14.5,22.4,42.5,4.9,6.2,696,168,1.8,0.2,2.5,77.7,41.7,110.7,69.1,5.3,3,14.2,0.7,34.1,113,14.5,8.1,34.3,9.6
R9504,NA,51.1,235.5,203.6,1.8,19.9,197.9,2.6,21.7,16.7,25.1,4784.7,145.4,200.3,65.8,94.2,NA,25.9,77.6,218.8,50.9,35.6,14.4,205,70.4,NA,92.6,87.9,6478.8,NA,6.1,21.7,NA,23.5,NA,NA,NA,86.4,NA,NA,NA,NA,108,121.6,146.9,4.6,NA,8.2,1.3,72.2,229.5,26.9,9.4,16.4,3.8
R9499,NA,61.5,178.9,110.8,8.9,29.6,167.1,1.9,29.7,14.9,17,3697.8,154.7,149.7,55.7,104.3,NA,31.6,87.1,379.3,57.1,45.1,28.6,122.2,82.6,NA,166.9,85.3,6297.8,NA,7.3,18.1,NA,41.1,NA,NA,NA,53.8,NA,NA,NA,NA,102.5,169.2,173.6,5.4,NA,18.7,1.4,54.7,233.2,21.4,10.3,34.4,2
R1156,25.6,22.5,236,212.6,1.3,17.8,165,2.2,29.2,28.2,22.1,4948,333,156,50.7,125.1,0,33.1,51.9,197,97.9,34.6,15.6,99.4,56.5,40.5,126.7,77.3,3725,12.7,4.4,8.3,45.7,16.4,8.5,6.3,1542,163,1.6,1.2,1.4,1.3,185.3,130.7,83.4,7.6,3.5,19.4,1.7,44,173,79.6,10.6,14.4,124
W3169,8.4,13.9,292,114.1,0,10.2,179,0.9,26.2,21.8,16,3723,236,172,39.8,65.6,0,32.8,63.1,266,45.4,42.8,17.1,98.7,53.6,18.8,75,80.3,7310,14.5,3.5,12.1,39,41.9,3.9,1.9,993,152,1.7,1.9,2.1,35.3,93.3,120.7,96,5.2,2.5,20.9,3.8,102.8,146,44.5,9.9,17.9,5.8
R5080,NA,43.9,150.7,101.4,6.9,20.8,162.6,1.8,18.7,11.8,19.2,4340.1,115.2,144.2,49.9,63.5,NA,27.1,110.5,246.6,32.9,55.4,28.1,248.8,60.3,NA,70.9,14.6,3058,NA,7.1,7.8,NA,26.2,NA,NA,NA,125.8,NA,NA,NA,NA,63.5,106.5,126.1,2.8,NA,14.7,0.5,63.7,189.3,49.9,10.9,12.1,1.6
R9900,NA,36.3,140.5,71.6,1.4,25.2,147.7,2,0,15.5,24,3982.9,159.8,189,58.2,77.9,NA,29,68.8,298.5,65.3,60.1,33.3,132.8,62.1,NA,90.3,90.9,8287.9,NA,7.2,26.4,NA,56.3,NA,NA,NA,49.7,NA,NA,NA,NA,90.3,88.1,126.2,4,NA,19.3,1,241.6,207.9,30.9,10.7,18.8,7.8
Y3059,17.3,59.4,158,43.6,1,40.7,230,1,19.6,9.5,10.9,2810,88,177,47,42.2,0,43.5,88.7,453,44.2,37.8,16.9,80.4,64.9,65.8,105.2,47.3,7762,3.7,10.6,16.7,21.9,72.5,6.4,1.3,927,49,4.4,0.2,1.7,7.8,94,156.4,175.2,5.7,2.9,12.3,0,146.4,243,193.6,9.1,18.4,4.5
R5972,NA,40,155.3,84.2,1.4,17.3,93.8,1,23.6,11.2,20.2,4983.4,169.5,154.3,49.9,66.4,NA,27.1,66.3,383.2,52.6,63.3,32.9,125.7,84.6,NA,99.7,51.4,7860.5,NA,6.5,20.5,NA,53.6,NA,NA,NA,133.3,NA,NA,NA,NA,165,141.2,149.3,4.4,NA,17.6,1,81.9,244.1,36.6,10.2,14.4,43
O4713,8.6,27.7,290,92.1,0.9,12.4,148,0.7,27,15.5,6.8,3550,194,148,36,123.5,0,29.7,58.8,246,38.5,16.7,13.2,90.9,41.4,24.4,44.1,69.9,3424,7.5,4.2,16.2,40,24.4,3.2,1.5,856,164,1.6,1,1.2,21,70.3,139.6,66.6,3.4,2,9.6,0.5,99.2,136,42.4,11.2,12.5,7.5
G3068,9.9,57.6,216,70,1,9.3,126,1.4,24.4,16.8,10.8,4012,189,201,43.8,64.4,1.5,22.7,54.5,114,27.8,27.6,8.3,96.7,38.2,21.3,48.5,52,2959,3.1,6.6,18.5,21.3,20.2,8.1,1.2,748,212,3.3,6.2,2.2,3.5,67.7,75.3,62.5,7.1,2.7,9.1,5.4,130,119,80.3,11.6,17.7,6.7
R9830,NA,32.5,232.2,213.3,1.3,22.4,146.9,1.2,17.9,13.6,14.8,4687.9,299.5,103.3,38.2,84.6,NA,16.7,84.3,220.1,46.6,40.9,27.4,153.5,44.1,NA,66.8,92.1,2614.5,NA,6.8,8.8,NA,43.1,NA,NA,NA,140.9,NA,NA,NA,NA,67.7,180.1,108.9,4.2,NA,11.3,0.8,37.4,177.3,43.9,7.8,9.9,27.8
R9556,NA,60.6,153.2,63.6,7,31.5,104.6,1.7,4.5,20.8,15.2,4465.9,108.2,169.7,60,93.1,NA,28.9,85.5,289.5,50,17.4,23.8,136.3,64.7,NA,110.6,7.7,8955.6,NA,5.6,17.8,NA,48.2,NA,NA,NA,23.4,NA,NA,NA,NA,80.1,139.1,134.4,3.4,NA,13,1.1,105.8,187.9,35.8,7,25.6,3.5
R9627,NA,4.4,369.5,115.2,5,13.7,96.3,1.2,29.6,10.2,19.5,3034.5,139.7,130.5,67.4,81.4,NA,24.4,67.3,137.8,31.1,32.8,21.5,136.3,46.8,NA,63.6,64.7,2755.4,NA,2.4,9.9,NA,15.3,NA,NA,NA,251.5,NA,NA,NA,NA,71.1,92.1,69.6,4.3,NA,2.7,0.7,59.3,126.9,53.1,9.8,32.9,12
P4735,16,27,493,62.4,0.8,8.1,109,0.7,103.8,21.9,15.3,3770,229,260,53.2,124.1,1.1,59.8,41.7,241,43.2,42.8,20,30.4,56.9,33.9,40.8,64.4,4911,7.7,2.8,17.5,42.5,21.3,8.4,6.7,994,262,1.3,1.1,0.4,49.2,96,146.2,106.6,5,3.4,21.3,0.8,69.3,155,30.9,14,18.9,102.7
U6879,15.4,27.8,151,93.1,1.1,23.1,209,0.8,22,38.4,14.6,3224,283,162,27.1,165.8,0,28.7,63.4,318,57.3,30,16.4,77.7,61.3,33,90,105.4,5110,9.7,5.9,15.1,59.7,18.9,11.5,1.7,650,100,3,14.1,1.6,3.9,83.9,112.1,111,5.6,2.1,15.6,0.8,30.6,181,18.2,6.9,63.8,2.4
R1111,11.3,16.6,363,120.5,1.6,16,157,1.2,60.7,25.9,16.3,5322,326,302,49.8,135.8,0,27.5,48,299,60.8,27.9,11,80.2,44.3,27,40.1,92.7,7218,5.9,4.5,22,29,17.2,15.1,3.3,840,124,1.7,0.2,1.5,27.1,118.2,126.8,89.3,5.6,2.4,12.2,0.2,127.5,117,37.4,9.5,29.7,23.6
U6892,8.5,12.3,279,67,1.3,12.7,80,0.5,46.1,18.1,20.4,5418,196,228,49.6,81.6,0,31.9,42.6,200,62.7,32.8,8.5,51.8,41.6,29.2,49.6,81.6,4711,1.8,2.9,25,33.3,28,10.3,1.6,589,107,1.4,1.1,1.4,26.5,98.9,126.4,74.4,4.3,2.1,10.7,0.3,110,146,28.9,7.8,12.4,10.6
O4328,9.8,30.1,209,65.4,1.3,26.6,143,0.6,25.7,21.7,21.5,5440,235,168,43.6,120.8,0,27.2,40.6,275,36.1,26.7,6.5,73.5,44.1,31.3,73.1,55,8624,4.9,4.9,21.9,31.4,35.6,10.6,1.4,690,82,4.6,1.2,1.5,3.2,88.7,81.2,84.5,3.8,1.9,12.8,0,24.2,140,22,7,16.2,42.7
P4492,9.5,21.4,558,65,1.5,10.6,212,0.7,125.1,20.2,12.7,4919,191,229,35,145.8,0,68.7,47.6,282,59.2,65.2,14.9,36.3,93.5,32.7,70,67.3,4964,6.5,3.2,11.8,66.3,31.4,8.1,3.3,971,268,2.5,1.8,2.1,55.5,81.3,168.6,167.4,6,2.3,19.9,8.7,155,258,60.2,14,19.4,91.3
O5096,21.8,52.6,222,128.3,2,42.9,251,0.7,27.4,25.9,25.3,7062,254,141,41.8,120.4,0,38.9,60.6,559,66.4,55.1,9.9,124.3,94.4,43.3,145.6,77.9,16145,2.7,10.2,30.7,50.3,86.1,8.9,3.6,1087,109,3.4,21.3,3.3,27.1,101.3,141.7,174.5,4.7,3.3,22.2,0,16.9,271,12.6,10.6,67.3,7.7
U6679,14.8,90.8,178,72.1,1.4,48.8,177,1.3,19.4,29.9,13.1,4166,152,198,45.8,79.7,0,29.9,102.1,260,38.1,38.6,6.3,195.3,80.3,31,100,64.7,5326,3.2,15.9,10.2,23.8,22.6,5.7,2.9,933,107,7.9,26,2.2,35.2,92.8,82.6,154,4,2.8,15.7,2.2,51.7,245,38.7,11.2,12.3,2.1
O5245,16.2,18.7,246,85,4.7,15.7,134,8.1,32.5,42.2,23.6,2597,491,169,56.7,139.7,1.4,25.4,52.9,228,61.4,16.4,10.9,37.8,39.9,43.1,85.2,99.4,5625,6.7,3.6,12.8,43.7,11.2,13.7,3.2,963,154,1.5,1.2,1.3,53.2,138.2,122.7,98.9,6.9,3.4,4.3,1,40.9,161,55.2,6.5,15.9,52.1
O5076,15.5,25.7,322,131.4,1.5,19.9,249,0.8,70.5,56.3,14.7,8522,362,224,42.4,224.6,0,32.3,52.3,378,59.7,29.4,8.4,88,51.2,36.5,66.9,103.9,12854,6.4,5.2,36.6,113.7,24.5,20.2,1.4,943,140,1.6,1.4,1.3,17.2,90,154.7,100.4,4.7,1.5,15.6,0,17.1,166,11.4,9.1,63,0.5
O5108,11.8,29.5,290,86.6,0.9,19.9,191,0.7,23.2,15.1,12.6,3320,178,165,47.1,70.3,1.7,23.3,64.3,234,40.3,31.4,10.4,76.2,38.9,38.7,42.9,91,10121,4.1,6.7,28,22.1,52.7,8.6,1.1,763,102,3.5,1.1,2.5,0,95.2,113.1,92.4,3.5,3.4,8.9,0,23.3,144,37.9,11,12.9,23.9
P4744,14.5,51.8,215,86.5,1.5,35.3,185,0.8,24.8,14,26.7,3439,154,239,64.5,92.9,0,36.6,62.2,304,72.5,40.2,10,79.7,68,33.4,94.3,95.6,10061,3,8.3,24.8,26.7,35.9,12.8,2,968,58,3,1.2,2.8,7.1,81.7,132.1,113.3,5,2.7,19.5,1.7,30.9,144,19.3,8.4,25.2,3.3
P4772,9.9,28.8,289,79.5,1.1,10,259,0.7,119.9,32.4,14.4,4984,284,221,38.4,115.7,0.8,56.8,46.8,322,73.9,68.4,14.3,63,88.4,40.2,56.8,77.3,9032,4,3.6,21.3,65.4,36.1,10.9,2,1153,104,1.2,1.8,1.8,5.5,80,148.2,164.7,5.3,4.6,24.1,6.4,44.5,260,13.9,17.9,20.1,7.2
R8953,11.9,11.9,197,179.6,2.5,14.5,175,1.5,74.1,25,19.6,4767,394,270,46.6,110.5,0,27,30.4,192,72.4,37.5,13.9,40.7,54.3,39.9,71.4,103.5,2700,10.2,3.4,8,73.4,11.2,8.9,2.5,1345,104,1.8,6.9,1,92.9,101,179.1,76.2,5.4,3.7,15.4,1.6,91.7,172,718.6,8.5,15.9,29.9
U5416,13.6,147.6,796,172.1,1.3,7.4,147,0.6,245.7,16.8,13.6,3943,187,181,33.8,143.6,0,34.4,33.8,208,59.9,43.5,8.2,25.5,47.9,27.2,28.4,46,3788,7,2.4,10.9,28,15.5,13.4,3.9,514,400,2.6,6.1,1.9,0,93.4,170.8,57.6,5.2,2,11,10,39.2,116,46.7,24.4,19.4,6.8
